Provinsi,Tahun,Laju_PDRB,TPT,GK_Urban,GK_Rural,Klaster_Pulau
ACEH,2021,2.81,6.3,565776.0,529035.0,Sumatera
ACEH,2022,4.21,6.07,606394.0,565762.0,Sumatera
ACEH,2023,4.23,5.890000000000001,657772.0,612007.0,Sumatera
ACEH,2024,4.66,5.654999999999999,696048.0,643398.0,Sumatera
ACEH,2025,2.97,5.57,716522.0,655435.0,Sumatera
BALI,2021,-2.46,5.395,467189.0,417722.0,Bali-Nusa Tenggara
BALI,2022,4.84,4.82,499572.0,449697.0,Bali-Nusa Tenggara
BALI,2023,5.72,3.21,545700.0,488634.0,Bali-Nusa Tenggara
BALI,2024,5.48,1.83,586945.0,520238.0,Bali-Nusa Tenggara
BALI,2025,5.82,1.5350000000000001,631180.0,542858.0,Bali-Nusa Tenggara
BANTEN,2021,4.49,8.995000000000001,549111.0,485525.0,Jawa
BANTEN,2022,5.03,8.309999999999999,587768.0,521311.0,Jawa
BANTEN,2023,4.81,7.744999999999999,635207.0,563440.0,Jawa
BANTEN,2024,4.79,6.85,671171.0,590082.0,Jawa
BANTEN,2025,5.37,6.665,700646.0,611976.0,Jawa
BENGKULU,2021,3.27,3.685,604269.0,524492.0,Sumatera
BENGKULU,2022,4.31,3.49,647836.0,565952.0,Sumatera
BENGKULU,2023,4.28,3.315,698802.0,609241.0,Sumatera
BENGKULU,2024,4.62,3.1399999999999997,736758.0,640485.0,Sumatera
BENGKULU,2025,4.8,3.325,754967.0,650887.0,Sumatera
CATATAN,2021,4.960000000000001,5.357894736842105,544873.7105263158,499421.8947368421,Lainnya
CATATAN,2022,5.916842105263158,4.914078947368421,582958.7105263158,534768.2315789474,Lainnya
CATATAN,2023,5.302631578947367,4.600657894736841,634974.7368421053,579883.6578947369,Lainnya
CATATAN,2024,5.47842105263158,4.373947368421051,684145.0,609733.0894736842,Lainnya
CATATAN,2025,5.072894736842105,4.448947368421052,722069.8157894737,637958.3052631579,Lainnya
DI YOGYAKARTA,2021,5.58,4.42,507007.0,414240.0,Jawa
DI YOGYAKARTA,2022,5.15,3.8949999999999996,543821.0,455583.0,Jawa
DI YOGYAKARTA,2023,5.07,3.635,598925.0,499942.0,Jawa
DI YOGYAKARTA,2024,5.03,3.3600000000000003,628626.0,524188.0,Jawa
DI YOGYAKARTA,2025,5.49,3.3200000000000003,653421.0,545206.0,Jawa
DKI JAKARTA,2021,3.55,8.504999999999999,697638.0,427418.0,Jawa
DKI JAKARTA,2022,5.25,7.59,738955.0,461871.8,Jawa
DKI JAKARTA,2023,4.96,7.050000000000001,792515.0,502367.0,Jawa
DKI JAKARTA,2024,4.91,6.12,825288.0,528884.4,Jawa
DKI JAKARTA,2025,5.21,6.115,852768.0,551122.6,Jawa
GORONTALO,2021,2.4,3.21,389959.0,388609.0,Sulawesi
GORONTALO,2022,4.03,2.915,413279.0,410188.0,Sulawesi
GORONTALO,2023,4.5,3.065,444797.0,439013.0,Sulawesi
GORONTALO,2024,4.13,3.09,475851.0,469568.0,Sulawesi
GORONTALO,2025,5.71,3.27,503854.0,487598.0,Sulawesi
JAMBI,2021,3.7,4.925,583748.0,470758.0,Sumatera
JAMBI,2022,5.12,4.645,635708.0,503811.0,Sumatera
JAMBI,2023,4.65,4.515000000000001,699123.0,552720.0,Sumatera
JAMBI,2024,4.5,4.465,744044.0,606150.0,Sumatera
JAMBI,2025,4.93,4.37,759799.0,618121.0,Sumatera
JAWA BARAT,2021,3.74,9.370000000000001,428832.0,421757.0,Jawa
JAWA BARAT,2022,5.45,8.33,452653.0,451305.0,Jawa
JAWA BARAT,2023,5.0,7.665,496201.0,491013.0,Jawa
JAWA BARAT,2024,4.95,6.83,525489.0,517841.0,Jawa
JAWA BARAT,2025,5.32,6.755,550729.0,535726.0,Jawa
JAWA TENGAH,2021,3.33,5.955,416825.0,401139.0,Jawa
JAWA TENGAH,2022,5.31,5.66,442479.0,434785.0,Jawa
JAWA TENGAH,2023,4.97,5.1850000000000005,485511.0,469003.0,Jawa
JAWA TENGAH,2024,4.95,4.585,517415.0,495627.0,Jawa
JAWA TENGAH,2025,5.37,4.495,546576.0,527934.0,Jawa
JAWA TIMUR,2021,3.56,5.455,441709.0,414429.0,Jawa
JAWA TIMUR,2022,5.34,5.15,473017.0,446375.0,Jawa
JAWA TIMUR,2023,4.95,4.605,522690.0,488437.0,Jawa
JAWA TIMUR,2024,4.93,3.9650000000000003,551702.0,516684.0,Jawa
JAWA TIMUR,2025,5.33,3.745,576188.0,534771.0,Jawa
KALIMANTAN BARAT,2021,4.8,5.775,513341.0,467362.0,Kalimantan
KALIMANTAN BARAT,2022,5.07,4.985,558787.0,500049.0,Kalimantan
KALIMANTAN BARAT,2023,4.46,4.785,605687.0,538992.0,Kalimantan
KALIMANTAN BARAT,2024,4.9,4.53,643365.0,567773.0,Kalimantan
KALIMANTAN BARAT,2025,5.39,4.525,669721.0,595174.0,Kalimantan
KALIMANTAN SELATAN,2021,3.48,4.640000000000001,527240.0,510372.0,Kalimantan
KALIMANTAN SELATAN,2022,5.11,4.470000000000001,560053.0,544795.0,Kalimantan
KALIMANTAN SELATAN,2023,4.84,4.13,613880.0,594141.0,Kalimantan
KALIMANTAN SELATAN,2024,5.06,4.045,643008.0,621494.0,Kalimantan
KALIMANTAN SELATAN,2025,5.22,4.05,662876.0,637314.0,Kalimantan
KALIMANTAN TENGAH,2021,3.59,4.390000000000001,494153.0,514743.0,Kalimantan
KALIMANTAN TENGAH,2022,6.45,4.23,525228.0,565361.0,Kalimantan
KALIMANTAN TENGAH,2023,4.14,3.9699999999999998,570559.0,613490.0,Kalimantan
KALIMANTAN TENGAH,2024,4.46,3.84,600297.0,640651.0,Kalimantan
KALIMANTAN TENGAH,2025,4.8,3.72,634029.0,667001.0,Kalimantan
KALIMANTAN TIMUR,2021,2.55,6.82,695824.0,673636.0,Kalimantan
KALIMANTAN TIMUR,2022,4.48,6.24,732195.0,718550.0,Kalimantan
KALIMANTAN TIMUR,2023,6.22,5.84,796193.0,776285.0,Kalimantan
KALIMANTAN TIMUR,2024,6.17,5.445,838902.0,822269.0,Kalimantan
KALIMANTAN TIMUR,2025,4.53,5.255,876210.0,843168.0,Kalimantan
KALIMANTAN UTARA,2021,3.99,4.625,739267.0,665963.0,Kalimantan
KALIMANTAN UTARA,2022,5.32,4.475,804517.0,719982.0,Kalimantan
KALIMANTAN UTARA,2023,4.96,4.055,851133.0,765597.0,Kalimantan
KALIMANTAN UTARA,2024,4.73,3.955,885655.0,799327.0,Kalimantan
KALIMANTAN UTARA,2025,4.56,3.875,921520.0,829827.0,Kalimantan
KEP. BANGKA BELITUNG,2021,5.05,5.035,737934.0,768414.0,Sumatera
KEP. BANGKA BELITUNG,2022,4.4,4.475,784988.0,820543.0,Sumatera
KEP. BANGKA BELITUNG,2023,4.38,4.225,859301.0,893380.0,Sumatera
KEP. BANGKA BELITUNG,2024,0.77,4.24,892169.0,930378.0,Sumatera
KEP. BANGKA BELITUNG,2025,4.09,4.3100000000000005,926156.0,995150.0,Sumatera
KEP. RIAU,2021,3.43,10.015,644601.0,614746.0,Sumatera
KEP. RIAU,2022,5.06,8.125,687245.0,659308.0,Sumatera
KEP. RIAU,2023,5.16,7.205,747258.0,708168.0,Sumatera
KEP. RIAU,2024,5.02,6.665,791352.0,749604.0,Sumatera
KEP. RIAU,2025,6.94,6.67,835161.0,797450.0,Sumatera
LAMPUNG,2021,2.77,4.615,516003.0,451211.0,Sumatera
LAMPUNG,2022,4.28,4.414999999999999,560467.0,492623.0,Sumatera
LAMPUNG,2023,4.55,4.205,610614.0,534575.0,Sumatera
LAMPUNG,2024,4.57,4.155,640908.0,560363.0,Sumatera
LAMPUNG,2025,5.28,4.140000000000001,659660.0,588958.0,Sumatera
MALUKU,2021,3.63,6.83,596564.0,580646.0,Maluku-Papua
MALUKU,2022,5.31,6.66,639349.0,625202.0,Maluku-Papua
MALUKU,2023,5.21,6.195,694588.0,676005.0,Maluku-Papua
MALUKU,2024,5.34,6.035,724132.0,705301.0,Maluku-Papua
MALUKU,2025,4.56,6.109999999999999,781403.0,738005.0,Maluku-Papua
MALUKU UTARA,2021,16.79,4.885,516450.0,478452.0,Maluku-Papua
MALUKU UTARA,2022,22.94,4.48,541972.0,503388.0,Maluku-Papua
MALUKU UTARA,2023,21.57,4.455,599137.0,550988.0,Maluku-Papua
MALUKU UTARA,2024,13.92,4.095000000000001,642484.0,588740.0,Maluku-Papua
MALUKU UTARA,2025,34.17,4.404999999999999,711096.0,642614.0,Maluku-Papua
NUSA TENGGARA BARAT,2021,2.3,3.49,434451.0,412646.0,Bali-Nusa Tenggara
NUSA TENGGARA BARAT,2022,6.95,3.4050000000000002,470431.0,448965.0,Bali-Nusa Tenggara
NUSA TENGGARA BARAT,2023,1.8,3.2649999999999997,511463.0,485682.0,Bali-Nusa Tenggara
NUSA TENGGARA BARAT,2024,5.3,3.0149999999999997,547412.0,520679.0,Bali-Nusa Tenggara
NUSA TENGGARA BARAT,2025,3.22,3.14,574051.0,537105.0,Bali-Nusa Tenggara
NUSA TENGGARA TIMUR,2021,2.52,3.575,508584.0,385970.0,Bali-Nusa Tenggara
NUSA TENGGARA TIMUR,2022,3.08,3.42,558741.0,429079.0,Bali-Nusa Tenggara
NUSA TENGGARA TIMUR,2023,3.49,3.12,614436.0,471502.0,Bali-Nusa Tenggara
NUSA TENGGARA TIMUR,2024,3.87,3.0949999999999998,638261.0,488995.0,Bali-Nusa Tenggara
NUSA TENGGARA TIMUR,2025,5.14,3.27,666633.0,508645.0,Bali-Nusa Tenggara
PAPUA,2021,15.16,3.55,634703.0,573510.0,Maluku-Papua
PAPUA,2022,8.97,3.215,676775.0,608205.0,Maluku-Papua
PAPUA,2023,4.22,3.08,743289.0,661946.0,Maluku-Papua
PAPUA,2024,4.11,6.145,749674.0,570295.0,Maluku-Papua
PAPUA,2025,3.97,6.9399999999999995,797056.0,599432.0,Maluku-Papua
PAPUA BARAT,2021,-0.51,6.01,654878.0,613644.0,Maluku-Papua
PAPUA BARAT,2022,2.03,5.575,700168.0,641565.0,Maluku-Papua
PAPUA BARAT,2023,5.18,5.455,765617.0,702530.0,Maluku-Papua
PAPUA BARAT,2024,20.8,4.22,922150.0,734247.0,Maluku-Papua
PAPUA BARAT,2025,6.46,4.38,959457.0,769107.0,Maluku-Papua
PAPUA BARAT DAYA,2021,-0.51,6.01,654878.0,613644.0,Maluku-Papua
PAPUA BARAT DAYA,2022,2.03,5.575,700168.0,641565.0,Maluku-Papua
PAPUA BARAT DAYA,2023,1.82,5.455,765617.0,702530.0,Maluku-Papua
PAPUA BARAT DAYA,2024,3.6,6.25,765253.0,747651.0,Maluku-Papua
PAPUA BARAT DAYA,2025,4.03,6.73,835719.0,782579.0,Maluku-Papua
PAPUA PEGUNUNGAN,2021,15.16,3.55,634703.0,573510.0,Maluku-Papua
PAPUA PEGUNUNGAN,2022,8.97,3.215,676775.0,608205.0,Maluku-Papua
PAPUA PEGUNUNGAN,2023,4.78,3.08,743289.0,661946.0,Maluku-Papua
PAPUA PEGUNUNGAN,2024,4.75,1.25,1283920.0,992374.0,Maluku-Papua
PAPUA PEGUNUNGAN,2025,3.75,1.68,1454372.0,1115070.0,Maluku-Papua
PAPUA SELATAN,2021,15.16,3.55,634703.0,573510.0,Maluku-Papua
PAPUA SELATAN,2022,8.97,3.215,676775.0,608205.0,Maluku-Papua
PAPUA SELATAN,2023,4.23,3.08,743289.0,661946.0,Maluku-Papua
PAPUA SELATAN,2024,5.09,4.4,646036.0,442090.0,Maluku-Papua
PAPUA SELATAN,2025,3.39,4.470000000000001,703304.0,472503.0,Maluku-Papua
PAPUA TENGAH,2021,15.16,3.55,634703.0,573510.0,Maluku-Papua
PAPUA TENGAH,2022,8.97,3.215,676775.0,608205.0,Maluku-Papua
PAPUA TENGAH,2023,5.95,3.08,743289.0,661946.0,Maluku-Papua
PAPUA TENGAH,2024,4.36,2.62,920104.0,714270.0,Maluku-Papua
PAPUA TENGAH,2025,-21.8,3.585,1011257.0,757877.0,Maluku-Papua
RIAU,2021,3.36,4.6899999999999995,595270.0,546807.0,Sumatera
RIAU,2022,4.55,4.385,642008.0,582224.0,Sumatera
RIAU,2023,4.21,4.24,698241.0,632704.0,Sumatera
RIAU,2024,3.52,3.7750000000000004,740222.0,669374.0,Sumatera
RIAU,2025,4.79,4.140000000000001,758174.0,683064.0,Sumatera
SULAWESI BARAT,2021,2.57,3.205,368899.0,363308.0,Sulawesi
SULAWESI BARAT,2022,2.26,2.7249999999999996,404705.0,405377.0,Sulawesi
SULAWESI BARAT,2023,5.23,2.6550000000000002,437387.0,432169.0,Sulawesi
SULAWESI BARAT,2024,4.76,2.85,459812.0,453719.0,Sulawesi
SULAWESI BARAT,2025,5.36,3.0149999999999997,473493.0,476004.0,Sulawesi
SULAWESI SELATAN,2021,4.64,5.755,389804.0,358330.0,Sulawesi
SULAWESI SELATAN,2022,5.1,5.13,419172.0,383414.0,Sulawesi
SULAWESI SELATAN,2023,4.51,4.795,458859.0,416532.0,Sulawesi
SULAWESI SELATAN,2024,5.02,4.545,485401.0,436463.0,Sulawesi
SULAWESI SELATAN,2025,5.43,4.585,502530.0,456048.0,Sulawesi
SULAWESI TENGAH,2021,11.68,3.74,506383.0,492234.0,Sulawesi
SULAWESI TENGAH,2022,15.22,3.335,538018.0,525665.0,Sulawesi
SULAWESI TENGAH,2023,11.91,3.22,579063.0,563068.0,Sulawesi
SULAWESI TENGAH,2024,9.89,3.045,612668.0,594692.0,Sulawesi
SULAWESI TENGAH,2025,8.47,2.9699999999999998,638441.0,617865.0,Sulawesi
SULAWESI TENGGARA,2021,4.1,4.07,394183.0,369824.0,Sulawesi
SULAWESI TENGGARA,2022,5.53,3.61,420442.0,394734.0,Sulawesi
SULAWESI TENGGARA,2023,5.35,3.4050000000000002,463387.0,431962.0,Sulawesi
SULAWESI TENGGARA,2024,5.4,3.1550000000000002,485632.0,448359.0,Sulawesi
SULAWESI TENGGARA,2025,5.79,3.29,520957.0,467814.0,Sulawesi
SULAWESI UTARA,2021,4.16,7.17,416158.0,404635.0,Sulawesi
SULAWESI UTARA,2022,5.42,6.5600000000000005,433470.0,419589.0,Sulawesi
SULAWESI UTARA,2023,5.48,6.145,470822.0,454781.0,Sulawesi
SULAWESI UTARA,2024,5.39,5.915,498271.0,481647.0,Sulawesi
SULAWESI UTARA,2025,5.66,6.01,546021.0,510678.0,Sulawesi
SUMATERA BARAT,2021,3.29,6.595,580937.0,556181.0,Sumatera
SUMATERA BARAT,2022,4.36,6.225,622579.0,598431.0,Sumatera
SUMATERA BARAT,2023,4.62,5.92,682515.0,652709.0,Sumatera
SUMATERA BARAT,2024,4.37,5.77,723567.0,691901.0,Sumatera
SUMATERA BARAT,2025,3.37,5.655,753614.0,704232.0,Sumatera
SUMATERA SELATAN,2021,3.58,5.075,485439.0,441415.0,Sumatera
SUMATERA SELATAN,2022,5.24,4.6850000000000005,515925.0,467139.0,Sumatera
SUMATERA SELATAN,2023,5.08,4.32,556102.0,500688.0,Sumatera
SUMATERA SELATAN,2024,5.03,3.915,589596.0,533792.0,Sumatera
SUMATERA SELATAN,2025,5.35,3.79,624550.0,557253.0,Sumatera
SUMATERA UTARA,2021,2.61,6.17,543085.0,504685.0,Sumatera
SUMATERA UTARA,2022,4.73,5.8149999999999995,583221.0,534184.0,Sumatera
SUMATERA UTARA,2023,5.01,5.5649999999999995,626782.0,573500.0,Sumatera
SUMATERA UTARA,2024,5.03,5.35,667922.0,610264.0,Sumatera
SUMATERA UTARA,2025,4.53,5.1850000000000005,694542.0,630844.0,Sumatera
